-- Déchargement des données de la table `representant`
--

INSERT INTO `representant` (`code`, `libelle`, `email`, `typerep`, `codedep`, `libdep`, `codec`, `libc`, `password`) VALUES
('R001', 'bot2', 'bot2@gmail.com', 'Commercial', NULL, NULL, NULL, NULL, '$2b$10$RMqY2473i8KfvvbfKv6zw.YEPB50/lrrMYk0Fj8Y08t3tF4MHmd4i'),
('R002', 'bot3', 'bot3@gmail.com', 'Commercial', NULL, NULL, NULL, NULL, '$2b$10$B9v474.xN7DZkL7A0dp8BeVgK0Yc208ReMvJvVSBtyz1yliOYUdmq');



-- Insertion de données dans la table `article`
INSERT INTO article (code, libelle, famille, libellefam, unite, nbunite, tva, type, prixbrut, remise, prixnet, marge, prixht, prixttc, codebarre, longueur, largeur, hauteur, qtemin, qtemax, prixht1, prixttc1, defalcation, gconf, dc, fodec, affcaisse, serie, libellear, codecat, libcat, codefourn, libfourn, nature, prixmin, prixmax, usera, libusera, userm, libuserm, users, libusers, datem, timem, prixachinit, tvaach, artdim, cemp, libemp, balance, inactif, datecreation, prixbrut1, remise1, enstock, mvtart, codenuance, libnuance, nbjour, codemar, libmar, codech, libch, codecli, libcli, coderef, libref, poids, dechet, codedomaine, libdomaine, movre, formeart, codefinit, libfinit, libdet, nbuniteim, ttcach, basetva, mttva, autretaxe, smtva, remisev, tva2, fodeca) VALUES
('A001', 'Article 1', 'F001', 'Famille 1', 'Unité 1', 10, 19.6, 'Type A', 100.0, 5.0, 95.0, 20.0, 80.0, 119.6, '1234567890123', 10.0, 5.0, 2.0, 1, 100, 80.0, 119.6, '0', '0', 0, 0, '1', '0', 'Article AR 1', 'CAT01', 'Catégorie 1', 'F001', 'Fournisseur 1', 'Nature 1', 75.0, 120.0, 'R001', 'bot2', 'R002', 'bot3', 'R001', 'bot2', '2025-07-01', '10:30:00', 75.0, 19.6, '0', 'EMP01', 'Employé 1', '0', '0', '2025-01-01', 98.0, 3.0, '1', 'PF', 'NUA01', 'Nuance 1', 30, 'MAR01', 'Marque 1', 'CH001', 'Chaîne 1', 'C001', 'Client 1', 'REF001', 'Référence 1', 2.5, 0.1, 'DOM01', 'Domaine 1', 15.0, 'Forme 1', 'FIN01', 'Finition 1', 'Détails 1', 1, 95.6, 80.0, 15.6, 0, '0', 0, 0, 0),
('A002', 'Article 2', 'F002', 'Famille 2', 'Unité 2', 20, 19.6, 'Type B', 200.0, 10.0, 190.0, 40.0, 160.0, 238.0, '1234567890124', 20.0, 10.0, 4.0, 2, 200, 160.0, 238.0, '0', '0', 0, 0, '1', '0', 'Article AR 2', 'CAT02', 'Catégorie 2', 'F002', 'Fournisseur 2', 'Nature 2', 150.0, 250.0, 'R002', 'bot3', 'R001', 'bot2', 'R002', 'bot3', '2025-07-02', '11:00:00', 150.0, 19.6, '0', 'EMP02', 'Employé 2', '0', '0', '2025-01-02', 195.0, 5.0, '1', 'PF', 'NUA02', 'Nuance 2', 60, 'MAR02', 'Marque 2', 'CH002', 'Chaîne 2', 'C002', 'Client 2', 'REF002', 'Référence 2', 5.0, 0.2, 'DOM02', 'Domaine 2', 25.0, 'Forme 2', 'FIN02', 'Finition 2', 'Détails 2', 1, 190.4, 160.0, 30.4, 0, '0', 0, 0, 0),
('A003', 'Article 3', 'F003', 'Famille 3', 'Unité 3', 15, 6.0, 'Type C', 150.0, 7.5, 142.5, 30.0, 120.0, 159.0, '1234567890125', 15.0, 7.5, 3.0, 3, 150, 120.0, 159.0, '0', '0', 0, 0, '1', '0', 'Article AR 3', 'CAT03', 'Catégorie 3', 'F003', 'Fournisseur 3', 'Nature 3', 112.5, 180.0, 'R001', 'bot2', 'R001', 'bot2', 'R002', 'bot3', '2025-07-03', '12:15:00', 112.5, 6.0, '0', 'EMP03', 'Employé 3', '0', '0', '2025-01-03', 147.0, 3.5, '1', 'PF', 'NUA03', 'Nuance 3', 45, 'MAR03', 'Marque 3', 'CH003', 'Chaîne 3', 'C003', 'Client 3', 'REF003', 'Référence 3', 3.8, 0.15, 'DOM03', 'Domaine 3', 20.0, 'Forme 3', 'FIN03', 'Finition 3', 'Détails 3', 1, 143.1, 120.0, 23.1, 0, '0', 0, 0, 0),
('A004', 'Article 4', 'F004', 'Famille 4', 'Unité 4', 25, 12.0, 'Type D', 250.0, 12.5, 237.5, 50.0, 200.0, 280.0, '1234567890126', 25.0, 12.5, 5.0, 4, 250, 200.0, 280.0, '0', '0', 0, 0, '1', '0', 'Article AR 4', 'CAT04', 'Catégorie 4', 'F004', 'Fournisseur 4', 'Nature 4', 225.0, 300.0, 'R002', 'bot3', 'R002', 'bot3', 'R001', 'bot2', '2025-07-04', '13:45:00', 200.0, 12.0, '0', 'EMP04', 'Employé 4', '0', '0', '2025-01-04', 245.0, 5.0, '1', 'PF', 'NUA04', 'Nuance 4', 75, 'MAR04', 'Marque 4', 'CH004', 'Chaîne 4', 'C004', 'Client 4', 'REF004', 'Référence 4', 6.2, 0.25, 'DOM04', 'Domaine 4', 35.0, 'Forme 4', 'FIN04', 'Finition 4', 'Détails 4', 1, 238.0, 200.0, 38.0, 0, '0', 0, 0, 0),
('A005', 'Article 5', 'F005', 'Famille 5', 'Unité 5', 30, 18.0, 'Type E', 300.0, 15.0, 285.0, 60.0, 240.0, 336.6, '1234567890127', 30.0, 15.0, 6.0, 5, 300, 240.0, 336.6, '0', '0', 0, 0, '1', '0', 'Article AR 5', 'CAT05', 'Catégorie 5', 'F005', 'Fournisseur 5', 'Nature 5', 270.0, 360.0, 'R001', 'bot2', 'R001', 'bot2', 'R002', 'bot3', '2025-07-05', '14:20:00', 240.0, 18.0, '0', 'EMP05', 'Employé 5', '0', '0', '2025-01-05', 295.0, 10.0, '1', 'PF', 'NUA05', 'Nuance 5', 90, 'MAR05', 'Marque 5', 'CH005', 'Chaîne 5', 'C005', 'Client 5', 'REF005', 'Référence 5', 8.0, 0.3, 'DOM05', 'Domaine 5', 45.0, 'Forme 5', 'FIN05', 'Finition 5', 'Détails 5', 1, 285.6, 240.0, 45.6, 0, '0', 0, 0, 0),
('A006', 'Article 6', 'F006', 'Famille 6', 'Unité 6', 35, 19.6, 'Type F', 350.0, 17.5, 332.5, 70.0, 280.0, 418.4, '1234567890128', 35.0, 17.5, 7.0, 6, 350, 280.0, 418.4, '0', '0', 0, 0, '1', '0', 'Article AR 6', 'CAT06', 'Catégorie 6', 'F006', 'Fournisseur 6', 'Nature 6', 315.0, 420.0, 'R002', 'bot3', 'R002', 'bot3', 'R001', 'bot2', '2025-07-06', '15:10:00', 280.0, 19.6, '0', 'EMP06', 'Employé 6', '0', '0', '2025-01-06', 345.0, 12.5, '1', 'PF', 'NUA06', 'Nuance 6', 105, 'MAR06', 'Marque 6', 'CH006', 'Chaîne 6', 'C006', 'Client 6', 'REF006', 'Référence 6', 9.5, 0.35, 'DOM06', 'Domaine 6', 50.0, 'Forme 6', 'FIN06', 'Finition 6', 'Détails 6', 1, 333.6, 280.0, 53.6, 0, '0', 0, 0, 0);

-- Insertion de données dans la table `client`
INSERT INTO client (code, rsoc, adresse, mf, ville, tel, respercon1, coderep, librep, fax, percon1, telpercon1, emailpercon1, RC, CP, RIB, banque, timbre, exo, susp, reel, datedebut, datefin, decision, soldeinit, prix, mtreg, rap, codetarif, libsect, adressefact, percon2, respercon2, telpercon2, emailpercon2, email, percon3, telpercon3, emailpercon3, respercon3, cville, export, soldeinitbl, mtregbl, rapbl, rapbc, remise, regime, soldeinitbc, mtrapbc, soldeimp, scredit, srisque, delaireg, libtarif, codesect, codereg, libreg, codeact, libact, libpost, codetypreg, libtypreg, codebanq, comptec, rsocar, datecreation, datevalidation, validation, blocage, message, tel2, numcompte, codegr, libgr, parunite, adressear, tauxret, codequal, libqual, descl, prod, adressebanque) VALUES
('C001', 'Client 1', 'Adresse 1', 'MF001', 'Ville 1', '0101010101', 'Responsable 1', 'R001', 'bot2', '0202020202', 'Contact 1', '0303030303', 'contact1@example.com', 'RC001', '1000', 'RIB001', 'Banque 1', '0', '0', '0', '0', '2025-01-01', '2025-12-31', 'Décision 1', 1000.0, 'Prix 1', 500.0, 'N', 'TARIF1', 'Secteur 1', 'Adresse Facturation 1', 'Contact 2-1', 'Responsable 2-1', '0404040404', 'contact2-1@example.com', 'client1@example.com', 'Contact 3-1', '0505050505', 'contact3-1@example.com', 'Responsable 3-1', 'CV001', '0', 800.0, 300.0, 200.0, '0', 5.0, 'R', 900.0, 100.0, 50.0, 15000.0, 20000.0, 30, 'Tarif 1', 'SECT1', 'REG01', 'Région 1', 'ACT01', 'Activité 1', 'Poste 1', 'TYP01', 'Type Règlement 1', 'BNQ01', 'COMPT1', 'RS Client 1', '2025-01-01', '2025-01-15', '1', '0', 'Message client 1', '0606060606', 'NUM001', 'GRP01', 'Groupe 1', '0', 'Adresse AR 1', 2.5, 'QUAL1', 'Qualité 1', 'Description client 1', '1', 'Adresse Banque 1'),
('C002', 'Client 2', 'Adresse 2', 'MF002', 'Ville 2', '0202020202', 'Responsable 2', 'R002', 'bot3', '0303030303', 'Contact 2', '0404040404', 'contact2@example.com', 'RC002', '2000', 'RIB002', 'Banque 2', '0', '0', '0', '0', '2025-01-01', '2025-12-31', 'Décision 2', 2000.0, 'Prix 2', 1000.0, 'N', 'TARIF2', 'Secteur 2', 'Adresse Facturation 2', 'Contact 2-2', 'Responsable 2-2', '0505050505', 'contact2-2@example.com', 'client2@example.com', 'Contact 3-2', '0606060606', 'contact3-2@example.com', 'Responsable 3-2', 'CV002', '0', 1600.0, 600.0, 400.0, '0', 7.5, 'R', 1800.0, 200.0, 75.0, 25000.0, 30000.0, 45, 'Tarif 2', 'SECT2', 'REG02', 'Région 2', 'ACT02', 'Activité 2', 'Poste 2', 'TYP02', 'Type Règlement 2', 'BNQ02', 'COMPT2', 'RS Client 2', '2025-01-02', '2025-01-16', '1', '0', 'Message client 2', '0707070707', 'NUM002', 'GRP02', 'Groupe 2', '0', 'Adresse AR 2', 3.0, 'QUAL2', 'Qualité 2', 'Description client 2', '1', 'Adresse Banque 2'),
('C003', 'Client 3', 'Adresse 3', 'MF003', 'Ville 3', '0303030303', 'Responsable 3', 'R001', 'bot2', '0404040404', 'Contact 3', '0505050505', 'contact3@example.com', 'RC003', '3000', 'RIB003', 'Banque 3', '0', '0', '0', '0', '2025-01-01', '2025-12-31', 'Décision 3', 3000.0, 'Prix 3', 1500.0, 'N', 'TARIF3', 'Secteur 3', 'Adresse Facturation 3', 'Contact 2-3', 'Responsable 2-3', '0606060606', 'contact2-3@example.com', 'client3@example.com', 'Contact 3-3', '0707070707', 'contact3-3@example.com', 'Responsable 3-3', 'CV003', '0', 2400.0, 900.0, 600.0, '0', 10.0, 'R', 2700.0, 300.0, 100.0, 35000.0, 40000.0, 60, 'Tarif 3', 'SECT3', 'REG03', 'Région 3', 'ACT03', 'Activité 3', 'Poste 3', 'TYP03', 'Type Règlement 3', 'BNQ03', 'COMPT3', 'RS Client 3', '2025-01-03', '2025-01-17', '1', '0', 'Message client 3', '0808080808', 'NUM003', 'GRP03', 'Groupe 3', '0', 'Adresse AR 3', 3.5, 'QUAL3', 'Qualité 3', 'Description client 3', '1', 'Adresse Banque 3'),
('C004', 'Client 4', 'Adresse 4', 'MF004', 'Ville 4', '0404040404', 'Responsable 4', 'R002', 'bot3', '0505050505', 'Contact 4', '0606060606', 'contact4@example.com', 'RC004', '4000', 'RIB004', 'Banque 4', '0', '0', '0', '0', '2025-01-01', '2025-12-31', 'Décision 4', 4000.0, 'Prix 4', 2000.0, 'N', 'TARIF4', 'Secteur 4', 'Adresse Facturation 4', 'Contact 2-4', 'Responsable 2-4', '0707070707', 'contact2-4@example.com', 'client4@example.com', 'Contact 3-4', '0808080808', 'contact3-4@example.com', 'Responsable 3-4', 'CV004', '0', 3200.0, 1200.0, 800.0, '0', 12.5, 'R', 3600.0, 400.0, 125.0, 45000.0, 50000.0, 75, 'Tarif 4', 'SECT4', 'REG04', 'Région 4', 'ACT04', 'Activité 4', 'Poste 4', 'TYP04', 'Type Règlement 4', 'BNQ04', 'COMPT4', 'RS Client 4', '2025-01-04', '2025-01-18', '1', '0', 'Message client 4', '0909090909', 'NUM004', 'GRP04', 'Groupe 4', '0', 'Adresse AR 4', 4.0, 'QUAL4', 'Qualité 4', 'Description client 4', '1', 'Adresse Banque 4'),
('C005', 'Client 5', 'Adresse 5', 'MF005', 'Ville 5', '0505050505', 'Responsable 5', 'R001', 'bot2', '0606060606', 'Contact 5', '0707070707', 'contact5@example.com', 'RC005', '5000', 'RIB005', 'Banque 5', '0', '0', '0', '0', '2025-01-01', '2025-12-31', 'Décision 5', 5000.0, 'Prix 5', 2500.0, 'N', 'TARIF5', 'Secteur 5', 'Adresse Facturation 5', 'Contact 2-5', 'Responsable 2-5', '0808080808', 'contact2-5@example.com', 'client5@example.com', 'Contact 3-5', '0909090909', 'contact3-5@example.com', 'Responsable 3-5', 'CV005', '0', 4000.0, 1500.0, 1000.0, '0', 15.0, 'R', 4500.0, 500.0, 150.0, 55000.0, 60000.0, 90, 'Tarif 5', 'SECT5', 'REG05', 'Région 5', 'ACT05', 'Activité 5', 'Poste 5', 'TYP05', 'Type Règlement 5', 'BNQ05', 'COMPT5', 'RS Client 5', '2025-01-05', '2025-01-19', '1', '0', 'Message client 5', '1010101010', 'NUM005', 'GRP05', 'Groupe 5', '0', 'Adresse AR 5', 4.5, 'QUAL5', 'Qualité 5', 'Description client 5', '1', 'Adresse Banque 5'),
('C006', 'Client 6', 'Adresse 6', 'MF006', 'Ville 6', '0606060606', 'Responsable 6', 'R002', 'bot3', '0707070707', 'Contact 6', '0808080808', 'contact6@example.com', 'RC006', '6000', 'RIB006', 'Banque 6', '0', '0', '0', '0', '2025-01-01', '2025-12-31', 'Décision 6', 6000.0, 'Prix 6', 3000.0, 'N', 'TARIF6', 'Secteur 6', 'Adresse Facturation 6', 'Contact 2-6', 'Responsable 2-6', '0909090909', 'contact2-6@example.com', 'client6@example.com', 'Contact 3-6', '1010101010', 'contact3-6@example.com', 'Responsable 3-6', 'CV006', '0', 4800.0, 1800.0, 1200.0, '0', 17.5, 'R', 5400.0, 600.0, 175.0, 65000.0, 70000.0, 105, 'Tarif 6', 'SECT6', 'REG06', 'Région 6', 'ACT06', 'Activité 6', 'Poste 6', 'TYP06', 'Type Règlement 6', 'BNQ06', 'COMPT6', 'RS Client 6', '2025-01-06', '2025-01-20', '1', '0', 'Message client 6', '1111111111', 'NUM006', 'GRP06', 'Groupe 6', '0', 'Adresse AR 6', 5.0, 'QUAL6', 'Qualité 6', 'Description client 6', '1', 'Adresse Banque 6');

-- Insertion de données dans la table `ebcw`
INSERT INTO ebcw (datebc, numfactf, facture, typef, refbcc, ccl, rsocf, adresf, matricule, commentaire, tel, fax, mht, mnht, remise, mttc, mpayer, mfodec, taxe, bfodec, base1, base2, base3, base4, tva1, tva2, tva3, tva4, mtva, mt_lettre, susp, exo, export, decision, tvadue, tvasidue, mdc, coderap, mtr, regime, baseavance, mavance, coderep, librep, codechauf, libchauf, codeveh, libveh, codesect, libsect, codereg, libreg, codepv, libpv, usera, libusera, userm, libuserm, users, libusers, datem, timem, commentaire1, generer, cloture, accompte, dateblp, devise, description, commentaire3, modepaiement, elaborer, perdliv, numdv) VALUES
('2025-07-01', 'FNF001', 'FACT001', 'N', 'REFBC001', 1, 'Client 1 SARL', 'Adresse Client 1', 'MAT001', 'Commande urgente', '0101010101', '0202020202', 1000.0, 950.0, 50.0, 1196.0, 500.0, 20.0, 50.0, 1, 800.0, 6, 12, 18, 0.0, 48.0, 96.0, 52.0, 196.0, 'Mille cent quatre-vingt-seize dinars', '0', '0', '0', 'Décision 001', 196.0, 'TVA Due', 30.0, '0', 100.0, 'Normal', 200.0, 50.0, 'R001', 'bot2', 'CH001', 'Chauffeur 1', 'VEH01', 'Véhicule 1', 'SECT1', 'Secteur 1', 'REG01', 'Région 1', 'PV001', 'Point Vente 1', 'USR01', 'Utilisateur 1', 'USR02', 'Modifié par 1', 'USR03', 'Supprimé par 1', '2025-07-01', '10:30:00', 'Commentaire détaillé 1', '1', '0', 'Accompte de 500 DT', '2025-07-05', 'TND', 'Description complète commande 1', 'Commentaire additionnel 1', 'Virement bancaire', 'Elaboré par Service Commercial', 'Livraison prévue mercredi', 'DV001'),
('2025-07-02', 'FNF002', 'FACT002', 'N', 'REFBC002', 2, 'Client 2 SARL', 'Adresse Client 2', 'MAT002', 'Commande standard', '0202020202', '0303030303', 2000.0, 1900.0, 100.0, 2392.0, 1000.0, 40.0, 100.0, 1, 1600.0, 6, 12, 18, 0.0, 96.0, 192.0, 104.0, 392.0, 'Deux mille trois cent quatre-vingt-douze dinars', '0', '0', '0', 'Décision 002', 392.0, 'TVA Due', 60.0, '0', 200.0, 'Normal', 400.0, 100.0, 'R002', 'bot3', 'CH002', 'Chauffeur 2', 'VEH02', 'Véhicule 2', 'SECT2', 'Secteur 2', 'REG02', 'Région 2', 'PV002', 'Point Vente 2', 'USR02', 'Utilisateur 2', 'USR03', 'Modifié par 2', 'USR01', 'Supprimé par 2', '2025-07-02', '11:15:00', 'Commentaire détaillé 2', '1', '0', 'Accompte de 1000 DT', '2025-07-06', 'TND', 'Description complète commande 2', 'Commentaire additionnel 2', 'Chèque bancaire', 'Elaboré par Service Vente', 'Livraison prévue jeudi', 'DV002'),
('2025-07-03', 'FNF003', 'FACT003', 'N', 'REFBC003', 3, 'Client 3 SARL', 'Adresse Client 3', 'MAT003', 'Commande express', '0303030303', '0404040404', 3000.0, 2850.0, 150.0, 3588.0, 1500.0, 60.0, 150.0, 1, 2400.0, 6, 12, 18, 0.0, 144.0, 288.0, 156.0, 588.0, 'Trois mille cinq cent quatre-vingt-huit dinars', '0', '0', '0', 'Décision 003', 588.0, 'TVA Due', 90.0, '0', 300.0, 'Normal', 600.0, 150.0, 'R001', 'bot2', 'CH003', 'Chauffeur 3', 'VEH03', 'Véhicule 3', 'SECT3', 'Secteur 3', 'REG03', 'Région 3', 'PV003', 'Point Vente 3', 'USR03', 'Utilisateur 3', 'USR01', 'Modifié par 3', 'USR02', 'Supprimé par 3', '2025-07-03', '12:45:00', 'Commentaire détaillé 3', '1', '0', 'Accompte de 1500 DT', '2025-07-07', 'TND', 'Description complète commande 3', 'Commentaire additionnel 3', 'Espèces', 'Elaboré par Service Export', 'Livraison prévue vendredi', 'DV003'),
('2025-07-04', 'FNF004', 'FACT004', 'N', 'REFBC004', 4, 'Client 4 SARL', 'Adresse Client 4', 'MAT004', 'Commande promotionnelle', '0404040404', '0505050505', 4000.0, 3800.0, 200.0, 4784.0, 2000.0, 80.0, 200.0, 1, 3200.0, 6, 12, 18, 0.0, 192.0, 384.0, 208.0, 784.0, 'Quatre mille sept cent quatre-vingt-quatre dinars', '0', '0', '0', 'Décision 004', 784.0, 'TVA Due', 120.0, '0', 400.0, 'Normal', 800.0, 200.0, 'R002', 'bot3', 'CH004', 'Chauffeur 4', 'VEH04', 'Véhicule 4', 'SECT4', 'Secteur 4', 'REG04', 'Région 4', 'PV004', 'Point Vente 4', 'USR01', 'Utilisateur 1', 'USR02', 'Modifié par 4', 'USR03', 'Supprimé par 4', '2025-07-04', '13:20:00', 'Commentaire détaillé 4', '1', '0', 'Accompte de 2000 DT', '2025-07-08', 'TND', 'Description complète commande 4', 'Commentaire additionnel 4', 'Carte bancaire', 'Elaboré par Service Marketing', 'Livraison prévue samedi', 'DV004'),
('2025-07-05', 'FNF005', 'FACT005', 'N', 'REFBC005', 5, 'Client 5 SARL', 'Adresse Client 5', 'MAT005', 'Commande spéciale', '0505050505', '0606060606', 5000.0, 4750.0, 250.0, 5980.0, 2500.0, 100.0, 250.0, 1, 4000.0, 6, 12, 18, 0.0, 240.0, 480.0, 260.0, 980.0, 'Cinq mille neuf cent quatre-vingts dinars', '0', '0', '0', 'Décision 005', 980.0, 'TVA Due', 150.0, '0', 500.0, 'Normal', 1000.0, 250.0, 'R001', 'bot2', 'CH005', 'Chauffeur 5', 'VEH05', 'Véhicule 5', 'SECT5', 'Secteur 5', 'REG05', 'Région 5', 'PV005', 'Point Vente 5', 'USR02', 'Utilisateur 2', 'USR03', 'Modifié par 5', 'USR01', 'Supprimé par 5', '2025-07-05', '14:10:00', 'Commentaire détaillé 5', '1', '0', 'Accompte de 2500 DT', '2025-07-09', 'TND', 'Description complète commande 5', 'Commentaire additionnel 5', 'Virement SWIFT', 'Elaboré par Direction', 'Livraison prévue lundi', 'DV005'),
('2025-07-06', 'FNF006', 'FACT006', 'N', 'REFBC006', 6, 'Client 6 SARL', 'Adresse Client 6', 'MAT006', 'Commande récurrente', '0606060606', '0707070707', 6000.0, 5700.0, 300.0, 7176.0, 3000.0, 120.0, 300.0, 1, 4800.0, 6, 12, 18, 0.0, 288.0, 576.0, 312.0, 1176.0, 'Sept mille cent soixante-seize dinars', '0', '0', '0', 'Décision 006', 1176.0, 'TVA Due', 180.0, '0', 600.0, 'Normal', 1200.0, 300.0, 'R002', 'bot3', 'CH006', 'Chauffeur 6', 'VEH06', 'Véhicule 6', 'SECT6', 'Secteur 6', 'REG06', 'Région 6', 'PV006', 'Point Vente 6', 'USR03', 'Utilisateur 3', 'USR01', 'Modifié par 6', 'USR02', 'Supprimé par 6', '2025-07-06', '15:30:00', 'Commentaire détaillé 6', '1', '0', 'Accompte de 3000 DT', '2025-07-10', 'TND', 'Description complète commande 6', 'Commentaire additionnel 6', 'Traite bancaire', 'Elaboré par Responsable Région', 'Livraison prévue mardi', 'DV006');

-- Commandes supplémentaires pour les tests (numbc 7 à 10)
-- Insertion de commandes additionnelles dans la table `ebcw`
INSERT INTO ebcw (numbc, datebc, numfactf, facture, typef, refbcc, ccl, rsocf, adresf, matricule, commentaire, tel, fax, mht, mnht, remise, mttc, mpayer, mfodec, taxe, bfodec, base1, base2, base3, base4, tva1, tva2, tva3, tva4, mtva, mt_lettre, susp, exo, export, decision, tvadue, tvasidue, mdc, coderap, mtr, regime, baseavance, mavance, coderep, librep, codechauf, libchauf, codeveh, libveh, codesect, libsect, codereg, libreg, codepv, libpv, usera, libusera, userm, libuserm, users, libusers, datem, timem, commentaire1, generer, cloture, accompte, dateblp, devise, description, commentaire3, modepaiement, elaborer, perdliv, numdv) VALUES
(7, '2025-07-07', 'FNF007', 'FACT007', 'N', 'REFBC007', 'C001', 'Client 1 SARL', 'Adresse Client 1', 'MAT007', 'Commande mix produits', '0101010101', '0202020202', 800.0, 760.0, 40.0, 956.8, 400.0, 16.0, 40.0, 1, 640.0, 6, 12, 18, 0.0, 38.4, 76.8, 41.6, 156.8, 'Neuf cent cinquante-six dinars et huit millimes', '0', '0', '0', 'Décision 007', 156.8, 'TVA Due', 24.0, '0', 80.0, 'Normal', 160.0, 40.0, 'R001', 'bot2', 'CH001', 'Chauffeur 1', 'VEH01', 'Véhicule 1', 'SECT1', 'Secteur 1', 'REG01', 'Région 1', 'PV001', 'Point Vente 1', 'R001', 'bot2', 'R001', 'bot2', 'R002', 'bot3', '2025-07-07', '09:15:00', 'Commande variée avec plusieurs articles', '1', '0', 'Accompte de 400 DT', '2025-07-11', 'TND', 'Commande test pour ticket impression', 'Mélange d\'articles divers', 'Virement bancaire', 'Elaboré par R001', 'Livraison prévue vendredi', 'DV007'),
(8, '2025-07-08', 'FNF008', 'FACT008', 'N', 'REFBC008', 'C002', 'Client 2 SARL', 'Adresse Client 2', 'MAT008', 'Commande grande quantité', '0202020202', '0303030303', 1200.0, 1140.0, 60.0, 1435.2, 600.0, 24.0, 60.0, 1, 960.0, 6, 12, 18, 0.0, 57.6, 115.2, 62.4, 235.2, 'Mille quatre cent trente-cinq dinars et deux cents millimes', '0', '0', '0', 'Décision 008', 235.2, 'TVA Due', 36.0, '0', 120.0, 'Normal', 240.0, 60.0, 'R002', 'bot3', 'CH002', 'Chauffeur 2', 'VEH02', 'Véhicule 2', 'SECT2', 'Secteur 2', 'REG02', 'Région 2', 'PV002', 'Point Vente 2', 'R002', 'bot3', 'R002', 'bot3', 'R001', 'bot2', '2025-07-08', '14:30:00', 'Commande importante pour stock', '1', '0', 'Accompte de 600 DT', '2025-07-12', 'TND', 'Commande test impression ticket détaillé', 'Articles en quantité importante', 'Chèque bancaire', 'Elaboré par R002', 'Livraison prévue samedi', 'DV008'),
(9, '2025-07-09', 'FNF009', 'FACT009', 'N', 'REFBC009', 'C003', 'Client 3 SARL', 'Adresse Client 3', 'MAT009', 'Commande express premium', '0303030303', '0404040404', 950.0, 902.5, 47.5, 1135.4, 475.0, 19.0, 47.5, 1, 760.0, 6, 12, 18, 0.0, 45.6, 91.2, 49.4, 186.2, 'Mille cent trente-cinq dinars et quatre cents millimes', '0', '0', '0', 'Décision 009', 186.2, 'TVA Due', 28.5, '0', 95.0, 'Normal', 190.0, 47.5, 'R001', 'bot2', 'CH003', 'Chauffeur 3', 'VEH03', 'Véhicule 3', 'SECT3', 'Secteur 3', 'REG03', 'Région 3', 'PV003', 'Point Vente 3', 'R001', 'bot2', 'R001', 'bot2', 'R002', 'bot3', '2025-07-09', '16:45:00', 'Commande premium avec articles sélectionnés', '1', '0', 'Accompte de 475 DT', '2025-07-13', 'TND', 'Commande test pour vérification ticket', 'Sélection premium d\'articles', 'Carte bancaire', 'Elaboré par R001', 'Livraison prévue dimanche', 'DV009'),
(10, '2025-07-10', 'FNF010', 'FACT010', 'N', 'REFBC010', 'C004', 'Client 4 SARL', 'Adresse Client 4', 'MAT010', 'Commande test ticket final', '0404040404', '0505050505', 650.0, 617.5, 32.5, 777.4, 325.0, 13.0, 32.5, 1, 520.0, 6, 12, 18, 0.0, 31.2, 62.4, 33.8, 127.4, 'Sept cent soixante-dix-sept dinars et quatre cents millimes', '0', '0', '0', 'Décision 010', 127.4, 'TVA Due', 19.5, '0', 65.0, 'Normal', 130.0, 32.5, 'R002', 'bot3', 'CH004', 'Chauffeur 4', 'VEH04', 'Véhicule 4', 'SECT4', 'Secteur 4', 'REG04', 'Région 4', 'PV004', 'Point Vente 4', 'R002', 'bot3', 'R002', 'bot3', 'R001', 'bot2', '2025-07-10', '11:20:00', 'Commande finale pour test ticket complet', '1', '0', 'Accompte de 325 DT', '2025-07-14', 'TND', 'Dernière commande test impression', 'Test final du système ticket', 'Espèces', 'Elaboré par R002', 'Livraison prévue lundi', 'DV010');

-- Insertion des lignes de commande correspondantes dans la table lbcw
INSERT INTO lbcw (numbc, datebc, codeart, libart, famille, puart, qte, qteg, tva, remise, fodec, nbun, unite, codedep, libdep, typeart, conf, dc, ccl, rsocf, coderep, librep, codechauf, libchauf, codeveh, libveh, codesecT, libsect, codereg, libreg, codepv, libpv, serie) VALUES
-- Lignes pour commande 7 (mélange d'articles)
(7, '2025-07-07', 'A001', 'Article 1', 'F001', 100.0, 5, 0, 19.6, 5.0, 0, '5', 'Unité 1', 'DEP1', 'Dépôt 1', 'Type A', NULL, 0, 'C001', 'Client 1 SARL', 'R001', 'bot2', 'CH001', 'Chauffeur 1', 'VEH01', 'Véhicule 1', 'SECT1', 'Secteur 1', 'REG01', 'Région 1', 'PV001', 'Point Vente 1', '0'),
(7, '2025-07-07', 'A003', 'Article 3', 'F003', 150.0, 3, 0, 6.0, 7.5, 0, '3', 'Unité 3', 'DEP3', 'Dépôt 3', 'Type C', NULL, 0, 'C001', 'Client 1 SARL', 'R001', 'bot2', 'CH001', 'Chauffeur 1', 'VEH01', 'Véhicule 1', 'SECT1', 'Secteur 1', 'REG01', 'Région 1', 'PV001', 'Point Vente 1', '0'),
-- Lignes pour commande 8 (grande quantité)
(8, '2025-07-08', 'A002', 'Article 2', 'F002', 200.0, 4, 0, 19.6, 10.0, 0, '4', 'Unité 2', 'DEP2', 'Dépôt 2', 'Type B', NULL, 0, 'C002', 'Client 2 SARL', 'R002', 'bot3', 'CH002', 'Chauffeur 2', 'VEH02', 'Véhicule 2', 'SECT2', 'Secteur 2', 'REG02', 'Région 2', 'PV002', 'Point Vente 2', '0'),
(8, '2025-07-08', 'A004', 'Article 4', 'F004', 250.0, 2, 0, 12.0, 12.5, 0, '2', 'Unité 4', 'DEP4', 'Dépôt 4', 'Type D', NULL, 0, 'C002', 'Client 2 SARL', 'R002', 'bot3', 'CH002', 'Chauffeur 2', 'VEH02', 'Véhicule 2', 'SECT2', 'Secteur 2', 'REG02', 'Région 2', 'PV002', 'Point Vente 2', '0'),
-- Lignes pour commande 9 (premium)
(9, '2025-07-09', 'A005', 'Article 5', 'F005', 300.0, 2, 0, 18.0, 15.0, 0, '2', 'Unité 5', 'DEP5', 'Dépôt 5', 'Type E', NULL, 0, 'C003', 'Client 3 SARL', 'R001', 'bot2', 'CH003', 'Chauffeur 3', 'VEH03', 'Véhicule 3', 'SECT3', 'Secteur 3', 'REG03', 'Région 3', 'PV003', 'Point Vente 3', '0'),
(9, '2025-07-09', 'A001', 'Article 1', 'F001', 100.0, 3, 0, 19.6, 5.0, 0, '3', 'Unité 1', 'DEP1', 'Dépôt 1', 'Type A', NULL, 0, 'C003', 'Client 3 SARL', 'R001', 'bot2', 'CH003', 'Chauffeur 3', 'VEH03', 'Véhicule 3', 'SECT3', 'Secteur 3', 'REG03', 'Région 3', 'PV003', 'Point Vente 3', '0'),
-- Lignes pour commande 10 (test final)
(10, '2025-07-10', 'A006', 'Article 6', 'F006', 350.0, 1, 0, 19.6, 17.5, 0, '1', 'Unité 6', 'DEP6', 'Dépôt 6', 'Type F', NULL, 0, 'C004', 'Client 4 SARL', 'R002', 'bot3', 'CH004', 'Chauffeur 4', 'VEH04', 'Véhicule 4', 'SECT4', 'Secteur 4', 'REG04', 'Région 4', 'PV004', 'Point Vente 4', '0'),
(10, '2025-07-10', 'A002', 'Article 2', 'F002', 200.0, 1, 0, 19.6, 10.0, 0, '1', 'Unité 2', 'DEP2', 'Dépôt 2', 'Type B', NULL, 0, 'C004', 'Client 4 SARL', 'R002', 'bot3', 'CH004', 'Chauffeur 4', 'VEH04', 'Véhicule 4', 'SECT4', 'Secteur 4', 'REG04', 'Région 4', 'PV004', 'Point Vente 4', '0');

-- Règlements correspondants pour les nouvelles commandes
INSERT INTO `reglementw` (`numreg`, `typereg`, `datereg`, `description`, `numfact`, `datefact`, `mtfact`, `taux`, `typepiece`, `numcheff`, `dateech`, `codebanq`, `banque`, `ville`, `signataire`, `dateenc`, `numbord`, `codebanqbord`, `banquebord`, `datevers`, `codecli`, `rscli`, `rap`, `imp`, `vers`, `enc`, `mtreg`, `mtrestregF`, `mtrestregb`, `mtrestregbcc`, `recu`, `codecaisse`, `libcaisse`, `codepv`, `libpv`, `typeret`, `rapbl`, `rapbcc`, `usera`, `libusera`, `userm`, `libuserm`, `users`, `libusers`, `datem`, `coderep`, `librep`, `libelleimp`, `integ`, `numinteg`, `tmpinteg`, `versb`, `import`, `transfert`, `numpaiement`, `devise`, `mtfact2`, `taux2`, `numregimport`, `cloture`, `numclot`, `codereg`, `libreg`, `fraisb`) VALUES
(20, 'Virement', '2025-07-07', 'Règlement commande 7', 'F007', '2025-07-07', 800, 0, 'Virement', 'CHQ007', '2025-07-16', 'BNQ01', 'ATB', 'Tunis', 'Signataire 7', '2025-07-17', 'BORD007', 'BNQ01', 'ATB', '2025-07-18', 'C001', 'Client 1', '0', '0', '0', '0', 400, 0, 0, 0, 'REC007', 'CAIS0', 'Caisse 1', 'PV001', 'Point Vente 1', 'Type Ret 1', '0', '0', 'R001', 'bot2', 'R001', 'bot2', 'R002', 'bot3', '2025-07-07', 'R001', 'bot2', 'Libellé imp 7', '0', 'NUMINT007', '0', '0', '0', '0', 'PAIEMT007', 'TND', 0, 0, NULL, '0', NULL, 'REG01', 'Région 1', 0),
(21, 'Chèque', '2025-07-08', 'Règlement commande 8', 'F008', '2025-07-08', 1200, 0, 'Chèque', 'CHQ008', '2025-07-17', 'BNQ02', 'BIAT', 'Sfax', 'Signataire 8', '2025-07-18', 'BORD008', 'BNQ02', 'BIAT', '2025-07-19', 'C002', 'Client 2', '0', '0', '0', '0', 600, 0, 0, 0, 'REC008', 'CAIS0', 'Caisse 2', 'PV002', 'Point Vente 2', 'Type Ret 2', '0', '0', 'R002', 'bot3', 'R002', 'bot3', 'R001', 'bot2', '2025-07-08', 'R002', 'bot3', 'Libellé imp 8', '0', 'NUMINT008', '0', '0', '0', '0', 'PAIEMT008', 'TND', 0, 0, NULL, '0', NULL, 'REG02', 'Région 2', 0),
(22, 'Espèces', '2025-07-09', 'Règlement commande 9', 'F009', '2025-07-09', 950, 0, 'Espèces', 'CHQ009', '2025-07-18', 'BNQ03', 'STB', 'Sousse', 'Signataire 9', '2025-07-19', 'BORD009', 'BNQ03', 'STB', '2025-07-20', 'C003', 'Client 3', '0', '0', '0', '0', 475, 0, 0, 0, 'REC009', 'CAIS0', 'Caisse 3', 'PV003', 'Point Vente 3', 'Type Ret 3', '0', '0', 'R001', 'bot2', 'R001', 'bot2', 'R002', 'bot3', '2025-07-09', 'R001', 'bot2', 'Libellé imp 9', '0', 'NUMINT009', '0', '0', '0', '0', 'PAIEMT009', 'TND', 0, 0, NULL, '0', NULL, 'REG03', 'Région 3', 0),
(23, 'Virement', '2025-07-10', 'Règlement commande 10', 'F010', '2025-07-10', 650, 0, 'Virement', 'CHQ010', '2025-07-19', 'BNQ04', 'UIB', 'Monastir', 'Signataire 10', '2025-07-20', 'BORD010', 'BNQ04', 'UIB', '2025-07-21', 'C004', 'Client 4', '0', '0', '0', '0', 325, 0, 0, 0, 'REC010', 'CAIS0', 'Caisse 4', 'PV004', 'Point Vente 4', 'Type Ret 4', '0', '0', 'R002', 'bot3', 'R002', 'bot3', 'R001', 'bot2', '2025-07-10', 'R002', 'bot3', 'Libellé imp 10', '0', 'NUMINT010', '0', '0', '0', '0', 'PAIEMT010', 'TND', 0, 0, NULL, '0', NULL, 'REG04', 'Région 4', 0);

